Title,ImageURL,PageURL,Owned,Notes
A Dart for Every Man,https://media.awakening.wiki/wiki/8/81/T_UI_IconWpnSMG_Unique_LargeMag_06R_D.png,https://awakening.wiki/wiki/A_Dart_for_Every_Man/Schematic,,
Abulurd's Rapture,https://media.awakening.wiki/wiki/6/65/T_UI_IconWpnUniqueSmg1R_D.png,https://awakening.wiki/wiki/Abulurd%27s_Rapture/Schematic,,
Acheronian Boots,https://media.awakening.wiki/wiki/e/ed/T_UI_IconClothNeutAtreDeserterUnique04BootsR_D.png,https://awakening.wiki/wiki/Acheronian_Boots/Schematic,,
Acheronian Chestplate,https://media.awakening.wiki/wiki/4/43/T_UI_IconClothNeutAtreDeserterUnique04TopR_D.png,https://awakening.wiki/wiki/Acheronian_Chestplate/Schematic,,
Acheronian Gauntlets,https://media.awakening.wiki/wiki/2/2e/T_UI_IconClothNeutAtreDeserterUnique04GlovesR_D.png,https://awakening.wiki/wiki/Acheronian_Gauntlets/Schematic,,
Acheronian Helmet,https://media.awakening.wiki/wiki/9/94/T_UI_IconClothNeutAtreDeserterUnique04HelmetR_D.png,https://awakening.wiki/wiki/Acheronian_Helmet/Schematic,,
Acheronian Pants,https://media.awakening.wiki/wiki/5/55/T_UI_IconClothNeutAtreDeserterUnique04BottomR_D.png,https://awakening.wiki/wiki/Acheronian_Pants/Schematic,,
Adaptive Holtzman Shield,https://media.awakening.wiki/wiki/a/a6/T_UI_IconWearChoamShield01R_D.png,https://awakening.wiki/wiki/Adaptive_Holtzman_Shield/Schematic,,
Adept Burst Drillshot,https://media.awakening.wiki/wiki/a/aa/T_UI_IconWpnShotgun_Unique_Explosive_05R_D.png,https://awakening.wiki/wiki/Adept_Burst_Drillshot/Schematic,,
Adept Disruptor Pistol,https://media.awakening.wiki/wiki/0/07/T_UI_IconWpnHeavyPistol_Unique_Bleed_05R_D.png,https://awakening.wiki/wiki/Adept_Disruptor_Pistol/Schematic,,
Adept High-payload Rocket Module,https://media.awakening.wiki/wiki/0/0d/T_UI_IconVehCOMRocketLauncherR_D.png,https://awakening.wiki/wiki/Adept_High-payload_Rocket_Module/Schematic,,
Adept Tripleshot Repeating Rifle,https://media.awakening.wiki/wiki/5/5c/T_UI_IconWpnLongRifle_Unique_LargeMag_05R_D.png,https://awakening.wiki/wiki/Adept_Tripleshot_Repeating_Rifle/Schematic,,
Adrenal Boots,https://media.awakening.wiki/wiki/4/4d/T_UI_IconClothChoamScoutArmourShoesMaleR_D.png,https://awakening.wiki/wiki/Adrenal_Boots/Schematic,,
Advanced Reaper Gloves,https://media.awakening.wiki/wiki/b/bb/T_UI_IconClothLightUniqueDewReapGloves05R_D.png,https://awakening.wiki/wiki/Advanced_Reaper_Gloves/Schematic,,
Advanced Suspensor Jacket,https://media.awakening.wiki/wiki/9/9a/T_UI_IconClothLightUniqueReduceSuspensorTop05R_D.png,https://awakening.wiki/wiki/Advanced_Suspensor_Jacket/Schematic,,
Albatross Wing Module Mk4,https://media.awakening.wiki/wiki/3/36/T_UI_IconVehCOLWingsR_D.png,https://awakening.wiki/wiki/Albatross_Wing_Module_Mk4/Schematic,,
Albatross Wing Module Mk5,https://media.awakening.wiki/wiki/3/36/T_UI_IconVehCOLWingsR_D.png,https://awakening.wiki/wiki/Albatross_Wing_Module_Mk5/Schematic,,
Albatross Wing Module Mk6,https://media.awakening.wiki/wiki/3/36/T_UI_IconVehCOLWingsR_D.png,https://awakening.wiki/wiki/Albatross_Wing_Module_Mk6/Schematic,,
Ambition,https://media.awakening.wiki/wiki/a/a5/T_UI_IconWpn2HSmugShotgun01_T6R_D.png,https://awakening.wiki/wiki/Ambition/Schematic,,
Aren's Boots,https://media.awakening.wiki/wiki/1/1c/T_UI_IconClothNeutSmugDeserterUnique01BootsR_D.png,https://awakening.wiki/wiki/Aren%27s_Boots/Schematic,,
Aren's Chestpiece,https://media.awakening.wiki/wiki/1/12/T_UI_IconClothNeutSmugDeserterUnique01TopR_D.png,https://awakening.wiki/wiki/Aren%27s_Chestpiece/Schematic,,
Aren's Gloves,https://media.awakening.wiki/wiki/8/8f/T_UI_IconClothNeutSmugDeserterUnique01GlovesR_D.png,https://awakening.wiki/wiki/Aren%27s_Gloves/Schematic,,
Aren's Mask,https://media.awakening.wiki/wiki/7/78/T_UI_IconClothNeutSmugDeserterUnique01HelmetR_D.png,https://awakening.wiki/wiki/Aren%27s_Mask/Schematic,,
Aren's Pants,https://media.awakening.wiki/wiki/b/b0/T_UI_IconClothNeutSmugDeserterUnique01BottomR_D.png,https://awakening.wiki/wiki/Aren%27s_Pants/Schematic,,
Aren's Vengeance,https://media.awakening.wiki/wiki/b/b3/T_UI_IconWpnUniqueAr_Burst_01R_D.png,https://awakening.wiki/wiki/Aren%27s_Vengeance/Schematic,,
Arhun K-28 Lasgun,https://media.awakening.wiki/wiki/b/b0/T_UI_IconWpnChoamLg1R_D.png,https://awakening.wiki/wiki/Arhun_K-28_Lasgun/Schematic,,
Artisan Disruptor Pistol,https://media.awakening.wiki/wiki/7/7d/T_UI_IconWpnHeavyPistol_Unique_Bleed_03R_D.png,https://awakening.wiki/wiki/Artisan_Disruptor_Pistol/Schematic,,
Assassin's Rifle,https://media.awakening.wiki/wiki/6/62/T_UI_IconWpnLongRifle_Unique_Poison_03R_D.png,https://awakening.wiki/wiki/Assassin%27s_Rifle/Schematic,,
Bashar's Command,https://media.awakening.wiki/wiki/e/ed/T_UI_IconWpnLMG_Unique_RapidFire_06R_D.png,https://awakening.wiki/wiki/Bashar%27s_Command/Schematic,,
Batigh Stillsuit Boots,https://media.awakening.wiki/wiki/7/77/T_UI_IconClothStillsuitUniqueEfficient05BootsR_D.png,https://awakening.wiki/wiki/Batigh_Stillsuit_Boots/Schematic,,
Batigh Stillsuit Garment,https://media.awakening.wiki/wiki/3/3b/T_UI_IconClothStillsuitUniqueEfficient05TopR_D.png,https://awakening.wiki/wiki/Batigh_Stillsuit_Garment/Schematic,,
Batigh Stillsuit Gloves,https://media.awakening.wiki/wiki/8/8b/T_UI_IconClothStillsuitUniqueEfficient05GlovesR_D.png,https://awakening.wiki/wiki/Batigh_Stillsuit_Gloves/Schematic,,
Batigh Stillsuit Mask,https://media.awakening.wiki/wiki/2/2d/T_UI_IconClothStillsuitUniqueEfficient05MaskR_D.png,https://awakening.wiki/wiki/Batigh_Stillsuit_Mask/Schematic,,
Bigger Buggy Boot Mk3,https://media.awakening.wiki/wiki/5/52/T_UI_IconVehCCBInventoryR_D.png,https://awakening.wiki/wiki/Bigger_Buggy_Boot_Mk3/Schematic,,
Bigger Buggy Boot Mk4,https://media.awakening.wiki/wiki/5/52/T_UI_IconVehCCBInventoryR_D.png,https://awakening.wiki/wiki/Bigger_Buggy_Boot_Mk4/Schematic,,
Bigger Buggy Boot Mk5,https://media.awakening.wiki/wiki/5/52/T_UI_IconVehCCBInventoryR_D.png,https://awakening.wiki/wiki/Bigger_Buggy_Boot_Mk5/Schematic,,
Bigger Buggy Boot Mk6,https://media.awakening.wiki/wiki/5/52/T_UI_IconVehCCBInventoryR_D.png,https://awakening.wiki/wiki/Bigger_Buggy_Boot_Mk6/Schematic,,
Black Market K-28 Lasgun,https://media.awakening.wiki/wiki/9/92/T_UI_IconWpnChoamLg2R_D.png,https://awakening.wiki/wiki/Black_Market_K-28_Lasgun/Schematic,,
Bluddshot Buggy Engine Mk3,https://media.awakening.wiki/wiki/5/5c/T_UI_IconVehCCBEngineR_D.png,https://awakening.wiki/wiki/Bluddshot_Buggy_Engine_Mk3/Schematic,,
Bluddshot Buggy Engine Mk4,https://media.awakening.wiki/wiki/5/5c/T_UI_IconVehCCBEngineR_D.png,https://awakening.wiki/wiki/Bluddshot_Buggy_Engine_Mk4/Schematic,,
Bluddshot Buggy Engine Mk5,https://media.awakening.wiki/wiki/5/5c/T_UI_IconVehCCBEngineR_D.png,https://awakening.wiki/wiki/Bluddshot_Buggy_Engine_Mk5/Schematic,,
Bluddshot Buggy Engine Mk6,https://media.awakening.wiki/wiki/5/5c/T_UI_IconVehCCBEngineR_D.png,https://awakening.wiki/wiki/Bluddshot_Buggy_Engine_Mk6/Schematic,,
Bulwark Boots,https://media.awakening.wiki/wiki/9/9e/T_UI_IconClothHeavyUniqueReinforcedBoots06R_D.png,https://awakening.wiki/wiki/Bulwark_Boots/Schematic,,
Bulwark Chest,https://media.awakening.wiki/wiki/8/8c/T_UI_IconClothHeavyUniqueReinforcedTop06R_D.png,https://awakening.wiki/wiki/Bulwark_Chest/Schematic,,
Bulwark Gloves,https://media.awakening.wiki/wiki/7/7b/T_UI_IconClothHeavyUniqueReinforcedGloves06R_D.png,https://awakening.wiki/wiki/Bulwark_Gloves/Schematic,,
Bulwark Helmet,https://media.awakening.wiki/wiki/b/b6/T_UI_IconClothHeavyUniqueReinforcedHelmet06R_D.png,https://awakening.wiki/wiki/Bulwark_Helmet/Schematic,,
Bulwark Leggings,https://media.awakening.wiki/wiki/4/4b/T_UI_IconClothHeavyUniqueReinforcedBottom06R_D.png,https://awakening.wiki/wiki/Bulwark_Leggings/Schematic,,
Buoyant Reaper Mk2,https://media.awakening.wiki/wiki/6/68/T_UI_IconToolDewReaper_Unique_01R_D.png,https://awakening.wiki/wiki/Buoyant_Reaper_Mk2/Schematic,,
Buoyant Reaper Mk3,https://media.awakening.wiki/wiki/a/ab/T_UI_IconToolDewReaper_Unique_02R_D.png,https://awakening.wiki/wiki/Buoyant_Reaper_Mk3/Schematic,,
Buoyant Reaper Mk4,https://media.awakening.wiki/wiki/e/e9/T_UI_IconToolDewReaper_Unique_03R_D.png,https://awakening.wiki/wiki/Buoyant_Reaper_Mk4/Schematic,,
Buoyant Reaper Mk5,https://media.awakening.wiki/wiki/a/a3/T_UI_IconToolDewReaper_Unique_04R_D.png,https://awakening.wiki/wiki/Buoyant_Reaper_Mk5/Schematic,,
Buoyant Reaper Mk6,https://media.awakening.wiki/wiki/a/a4/T_UI_IconToolDewReaper_Unique_05R_D.png,https://awakening.wiki/wiki/Buoyant_Reaper_Mk6/Schematic,,
Callie's Breaker,https://media.awakening.wiki/wiki/1/1a/T_UI_IconToolMiningTool_2h_Unique_01R_D.png,https://awakening.wiki/wiki/Callie%27s_Breaker/Schematic,,
Cauterizer,https://media.awakening.wiki/wiki/0/03/T_UI_IconWpnMeleeUniqueDirk_04R_D.png,https://awakening.wiki/wiki/Cauterizer/Schematic,,
Chosen Boots,https://media.awakening.wiki/wiki/0/0c/T_UI_IconClothNeutSmugDeserterUnique05BootsR_D.png,https://awakening.wiki/wiki/Chosen_Boots/Schematic,,
Chosen Chestplate,https://media.awakening.wiki/wiki/a/a9/T_UI_IconClothNeutSmugDeserterUnique05TopR_D.png,https://awakening.wiki/wiki/Chosen_Chestplate/Schematic,,
Chosen Gauntlets,https://media.awakening.wiki/wiki/c/cb/T_UI_IconClothNeutSmugDeserterUnique05GlovesR_D.png,https://awakening.wiki/wiki/Chosen_Gauntlets/Schematic,,
Chosen Helmet,https://media.awakening.wiki/wiki/3/3a/T_UI_IconClothNeutSmugDeserterUnique05HelmetR_D.png,https://awakening.wiki/wiki/Chosen_Helmet/Schematic,,
Chosen Pants,https://media.awakening.wiki/wiki/7/74/T_UI_IconClothNeutSmugDeserterUnique05BottomR_D.png,https://awakening.wiki/wiki/Chosen_Pants/Schematic,,
Circuit Gauntlets,https://media.awakening.wiki/wiki/8/8f/T_UI_IconClothHeavyUniquePowerEfficientGloves06R_D.png,https://awakening.wiki/wiki/Circuit_Gauntlets/Schematic,,
Clapper Mk4,https://media.awakening.wiki/wiki/7/7f/T_UI_IconPlacChoamCompactThumper01R_D.png,https://awakening.wiki/wiki/Clapper_Mk4/Schematic,,
Collapsible Dew Reaper Mk4,https://media.awakening.wiki/wiki/8/85/T_UI_IconToolDewReaper_1h_Unique_Compact_04R_D.png,https://awakening.wiki/wiki/Collapsible_Dew_Reaper_Mk4/Schematic,,
Collapsible Dew Reaper Mk5,https://media.awakening.wiki/wiki/d/dd/T_UI_IconToolDewReaper_1h_Unique_Compact_05R_D.png,https://awakening.wiki/wiki/Collapsible_Dew_Reaper_Mk5/Schematic,,
Collapsible Dew Reaper Mk6,https://media.awakening.wiki/wiki/6/64/T_UI_IconToolDewReaper_1h_Unique_Compact_06R_D.png,https://awakening.wiki/wiki/Collapsible_Dew_Reaper_Mk6/Schematic,,
Compact Compactor Mk3,https://media.awakening.wiki/wiki/c/c0/T_UI_IconToolStaticCompactor_Unique_Compact_03R_D.png,https://awakening.wiki/wiki/Compact_Compactor_Mk3/Schematic,,
Compact Compactor Mk4,https://media.awakening.wiki/wiki/7/76/T_UI_IconToolStaticCompactor_Unique_Compact_04R_D.png,https://awakening.wiki/wiki/Compact_Compactor_Mk4/Schematic,,
Compact Compactor Mk5,https://media.awakening.wiki/wiki/f/f8/T_UI_IconToolStaticCompactor_Unique_Compact_05R_D.png,https://awakening.wiki/wiki/Compact_Compactor_Mk5/Schematic,,
Compact Compactor Mk6,https://media.awakening.wiki/wiki/e/ee/T_UI_IconToolStaticCompactor_Unique_Compact_06R_D.png,https://awakening.wiki/wiki/Compact_Compactor_Mk6/Schematic,,
Compression-Stim Leggings,https://media.awakening.wiki/wiki/a/a8/T_UI_IconClothLightUniqueStaminaBottom04R_D.png,https://awakening.wiki/wiki/Compression-Stim_Leggings/Schematic,,
Cope,https://media.awakening.wiki/wiki/b/bc/T_UI_IconWpnHeavyPistol_Unique_Headshot_05R_D.png,https://awakening.wiki/wiki/Cope/Schematic,,
Dampened Sandcrawler Treads,https://media.awakening.wiki/wiki/c/c7/T_UI_IconVehCIGCTreadsR_D.png,https://awakening.wiki/wiki/Dampened_Sandcrawler_Treads/Schematic,,
Denira's Gift,https://media.awakening.wiki/wiki/1/16/T_UI_IconWpnMeleeUniqueDirk_02R_D.png,https://awakening.wiki/wiki/Denira%27s_Gift/Schematic,,
Desert Garb,https://media.awakening.wiki/wiki/b/b6/T_UI_IconClothLightUniqueBiomHeatTop06R_D.png,https://awakening.wiki/wiki/Desert_Garb/Schematic,,
Double-sealed Stilltent,https://media.awakening.wiki/wiki/a/a4/T_UI_IconPlacChoamStilltentR_D.png,https://awakening.wiki/wiki/Double-sealed_Stilltent/Schematic,,
Dragon Carrier Engine,https://media.awakening.wiki/wiki/2/2d/T_UI_IconVehCTOEngineR_D.png,https://awakening.wiki/wiki/Dragon_Carrier_Engine/Schematic,,
Duneman Sandbike Scanner Mk2,https://media.awakening.wiki/wiki/0/05/T_UI_IconVehChoamLOScannerR_D.png,https://awakening.wiki/wiki/Duneman_Sandbike_Scanner_Mk2/Schematic,,
Dunewatcher,https://media.awakening.wiki/wiki/6/6e/T_UI_IconWpnLongRifle_Unique_Poison_06R_D.png,https://awakening.wiki/wiki/Dunewatcher/Schematic,,
Eviscerator,https://media.awakening.wiki/wiki/9/9c/T_UI_IconWpnUniqueScattergun3R_D.png,https://awakening.wiki/wiki/Eviscerator/Schematic,,
Executor's Boots,https://media.awakening.wiki/wiki/6/64/T_UI_IconClothNeutAtreDeserterUnique05BootsR_D.png,https://awakening.wiki/wiki/Executor%27s_Boots/Schematic,,
Executor's Chestpiece,https://media.awakening.wiki/wiki/0/0b/T_UI_IconClothNeutAtreDeserterUnique05TopR_D.png,https://awakening.wiki/wiki/Executor%27s_Chestpiece/Schematic,,
Executor's Gauntlets,https://media.awakening.wiki/wiki/2/20/T_UI_IconClothNeutAtreDeserterUnique05GlovesR_D.png,https://awakening.wiki/wiki/Executor%27s_Gauntlets/Schematic,,
Executor's Helmet,https://media.awakening.wiki/wiki/c/c3/T_UI_IconClothNeutAtreDeserterUnique05HelmetR_D.png,https://awakening.wiki/wiki/Executor%27s_Helmet/Schematic,,
Executor's Pants,https://media.awakening.wiki/wiki/f/f8/T_UI_IconClothNeutAtreDeserterUnique05BottomR_D.png,https://awakening.wiki/wiki/Executor%27s_Pants/Schematic,,
Experimental Vulcan GAU-94,https://media.awakening.wiki/wiki/a/a7/T_UI_IconWpnLMG_Unique_RapidFire_04R_D.png,https://awakening.wiki/wiki/Experimental_Vulcan_GAU-94/Schematic,,
Extravagant Message,https://media.awakening.wiki/wiki/5/50/T_UI_IconWpnLMG_Unique_RapidFire_05R_D.png,https://awakening.wiki/wiki/Extravagant_Message/Schematic,,
Feyd's Drinker,https://media.awakening.wiki/wiki/6/60/T_UI_IconWpnMeleeKindjal_Unique_Blood_06R_D.png,https://awakening.wiki/wiki/Feyd%27s_Drinker/Schematic,,
Fila's Regret,https://media.awakening.wiki/wiki/8/80/T_UI_IconWpnUniqueAr_Burst_02R_D.png,https://awakening.wiki/wiki/Fila%27s_Regret/Schematic,,
Filter Extractor Mk3,https://media.awakening.wiki/wiki/1/12/T_UI_IconToolBodyFluidExtractor_Unique_Water_03R_D.png,https://awakening.wiki/wiki/Filter_Extractor_Mk3/Schematic,,
Filter Extractor Mk4,https://media.awakening.wiki/wiki/8/8c/T_UI_IconToolBodyFluidExtractor_Unique_Water_04R_D.png,https://awakening.wiki/wiki/Filter_Extractor_Mk4/Schematic,,
Filter Extractor Mk5,https://media.awakening.wiki/wiki/2/23/T_UI_IconToolBodyFluidExtractor_Unique_Water_05R_D.png,https://awakening.wiki/wiki/Filter_Extractor_Mk5/Schematic,,
Filter Extractor Mk6,https://media.awakening.wiki/wiki/f/f7/T_UI_IconToolBodyFluidExtractor_Unique_Water_06R_D.png,https://awakening.wiki/wiki/Filter_Extractor_Mk6/Schematic,,
Firestorm,https://media.awakening.wiki/wiki/f/f9/T_UI_IconWpnUniqueScattergun_Fire_04R_D.png,https://awakening.wiki/wiki/Firestorm/Schematic,,
Focused Buggy Cutteray Mk3,https://media.awakening.wiki/wiki/d/d7/T_UI_IconVehCCBMiningLaserR_D.png,https://awakening.wiki/wiki/Focused_Buggy_Cutteray_Mk3/Schematic,,
Focused Buggy Cutteray Mk4,https://media.awakening.wiki/wiki/d/d7/T_UI_IconVehCCBMiningLaserR_D.png,https://awakening.wiki/wiki/Focused_Buggy_Cutteray_Mk4/Schematic,,
Focused Buggy Cutteray Mk5,https://media.awakening.wiki/wiki/d/d7/T_UI_IconVehCCBMiningLaserR_D.png,https://awakening.wiki/wiki/Focused_Buggy_Cutteray_Mk5/Schematic,,
Focused Buggy Cutteray Mk6,https://media.awakening.wiki/wiki/d/d7/T_UI_IconVehCCBMiningLaserR_D.png,https://awakening.wiki/wiki/Focused_Buggy_Cutteray_Mk6/Schematic,,
Focused Reaper Mk5,https://media.awakening.wiki/wiki/7/79/T_UI_IconToolDewReaper_2h_Unique_YieldIncrease_05R_D.png,https://awakening.wiki/wiki/Focused_Reaper_Mk5/Schematic,,
Fortress Chestpiece,https://media.awakening.wiki/wiki/b/b4/T_UI_IconClothChoamHeavyTorsoMaleR_D.png,https://awakening.wiki/wiki/Fortress_Chestpiece/Schematic,,
Glasser,https://media.awakening.wiki/wiki/2/21/T_UI_IconWpnFlamethrower_Prototype_2R_D.png,https://awakening.wiki/wiki/Glasser/Schematic,,
Glutton's Bloodbag,https://media.awakening.wiki/wiki/9/94/T_UI_IconConsumBloodSackR_D.png,https://awakening.wiki/wiki/Glutton%27s_Bloodbag/Schematic,,
Glutton's Drinker,https://media.awakening.wiki/wiki/5/52/T_UI_IconWpnMeleeKindjal_Unique_Blood_03R_D.png,https://awakening.wiki/wiki/Glutton%27s_Drinker/Schematic,,
Hajra Literjon Mk1,https://media.awakening.wiki/wiki/4/4c/T_UI_IconConsumLiterjonR_D.png,https://awakening.wiki/wiki/Hajra_Literjon_Mk1/Schematic,,
Hajra Literjon Mk2,https://media.awakening.wiki/wiki/4/4c/T_UI_IconConsumLiterjonR_D.png,https://awakening.wiki/wiki/Hajra_Literjon_Mk2/Schematic,,
Hajra Literjon Mk3,https://media.awakening.wiki/wiki/4/4c/T_UI_IconConsumLiterjonR_D.png,https://awakening.wiki/wiki/Hajra_Literjon_Mk3/Schematic,,
Hajra Literjon Mk4,https://media.awakening.wiki/wiki/4/4c/T_UI_IconConsumLiterjonR_D.png,https://awakening.wiki/wiki/Hajra_Literjon_Mk4/Schematic,,
Hajra Literjon Mk5,https://media.awakening.wiki/wiki/4/4c/T_UI_IconConsumLiterjonR_D.png,https://awakening.wiki/wiki/Hajra_Literjon_Mk5/Schematic,,
Hajra Literjon Mk6,https://media.awakening.wiki/wiki/4/4c/T_UI_IconConsumLiterjonR_D.png,https://awakening.wiki/wiki/Hajra_Literjon_Mk6/Schematic,,
Halleck's Pick,https://media.awakening.wiki/wiki/4/44/T_UI_IconWpnMeleeUniqueRapier_03R_D.png,https://awakening.wiki/wiki/Halleck%27s_Pick/Schematic,,
Handheld Life Scanner Mk3,https://media.awakening.wiki/wiki/3/3b/T_UI_IconToolScanner_Unique_Body_03R_D.png,https://awakening.wiki/wiki/Handheld_Life_Scanner_Mk3/Schematic,,
Hawkeye Scanner Module Mk5,https://media.awakening.wiki/wiki/4/43/T_UI_IconVehCOMScannerR_D.png,https://awakening.wiki/wiki/Hawkeye_Scanner_Module_Mk5/Schematic,,
Heaven's Wrath Rocket Module Mk5,https://media.awakening.wiki/wiki/7/7f/T_UI_IconVehCOLRocketLauncherR_D.png,https://awakening.wiki/wiki/Heaven%27s_Wrath_Rocket_Module_Mk5/Schematic,,
Heaven's Wrath Rocket Module Mk6,https://media.awakening.wiki/wiki/7/7f/T_UI_IconVehCOLRocketLauncherR_D.png,https://awakening.wiki/wiki/Heaven%27s_Wrath_Rocket_Module_Mk6/Schematic,,
Hollower Stillsuit Boots,https://media.awakening.wiki/wiki/e/e7/T_UI_IconClothStillsuitUniqueArmored01BootsR_D.png,https://awakening.wiki/wiki/Hollower_Stillsuit_Boots/Schematic,,
Hollower Stillsuit Garment,https://media.awakening.wiki/wiki/1/1d/T_UI_IconClothStillsuitUniqueArmored01TopR_D.png,https://awakening.wiki/wiki/Hollower_Stillsuit_Garment/Schematic,,
Hollower Stillsuit Gloves,https://media.awakening.wiki/wiki/d/d1/T_UI_IconClothStillsuitUniqueArmored01GlovesR_D.png,https://awakening.wiki/wiki/Hollower_Stillsuit_Gloves/Schematic,,
Hollower Stillsuit Mask,https://media.awakening.wiki/wiki/7/77/T_UI_IconClothStillsuitUniqueArmored01MaskR_D.png,https://awakening.wiki/wiki/Hollower_Stillsuit_Mask/Schematic,,
Hook-claw Gloves,https://media.awakening.wiki/wiki/3/33/T_UI_IconClothLightUniqueClimbingGloves06R_D.png,https://awakening.wiki/wiki/Hook-claw_Gloves/Schematic,,
House Burst Drillshot,https://media.awakening.wiki/wiki/2/2a/T_UI_IconWpnShotgun_Unique_Explosive_04R_D.png,https://awakening.wiki/wiki/House_Burst_Drillshot/Schematic,,
House Disruptor Pistol,https://media.awakening.wiki/wiki/c/cf/T_UI_IconWpnHeavyPistol_Unique_Bleed_04R_D.png,https://awakening.wiki/wiki/House_Disruptor_Pistol/Schematic,,
Hummingbird Wing Module Mk5,https://media.awakening.wiki/wiki/1/19/T_UI_IconVehCMOWingsR_D.png,https://awakening.wiki/wiki/Hummingbird_Wing_Module_Mk5/Schematic,,
Hummingbird Wing Module Mk6,https://media.awakening.wiki/wiki/1/19/T_UI_IconVehCMOWingsR_D.png,https://awakening.wiki/wiki/Hummingbird_Wing_Module_Mk6/Schematic,,
Idaho Softstep Boots,https://media.awakening.wiki/wiki/b/bd/T_UI_IconClothLightUniqueWormThreatBoots04R_D.png,https://awakening.wiki/wiki/Idaho_Softstep_Boots/Schematic,,
Idaho's Charge,https://media.awakening.wiki/wiki/3/3a/T_UI_IconClothLightUniqueReduceSuspensorTop06R_D.png,https://awakening.wiki/wiki/Idaho%27s_Charge/Schematic,,
Imperial Stillsuit Boots,https://media.awakening.wiki/wiki/c/c6/T_UI_IconClothStillsuitUniqueArmored06BootsR_D.png,https://awakening.wiki/wiki/Imperial_Stillsuit_Boots/Schematic,,
Imperial Stillsuit Garment,https://media.awakening.wiki/wiki/0/03/T_UI_IconClothStillsuitUniqueArmored06TopR_D.png,https://awakening.wiki/wiki/Imperial_Stillsuit_Garment/Schematic,,
Imperial Stillsuit Gloves,https://media.awakening.wiki/wiki/f/ff/T_UI_IconClothStillsuitUniqueArmored06GlovesR_D.png,https://awakening.wiki/wiki/Imperial_Stillsuit_Gloves/Schematic,,
Imperial Stillsuit Mask,https://media.awakening.wiki/wiki/b/bf/T_UI_IconClothStillsuitUniqueArmored06MaskR_D.png,https://awakening.wiki/wiki/Imperial_Stillsuit_Mask/Schematic,,
Improved Reaper Gloves,https://media.awakening.wiki/wiki/9/93/T_UI_IconClothLightUniqueDewReapGloves04R_D.png,https://awakening.wiki/wiki/Improved_Reaper_Gloves/Schematic,,
Improved Suspensor Jacket,https://media.awakening.wiki/wiki/1/1e/T_UI_IconClothLightUniqueReduceSuspensorTop04R_D.png,https://awakening.wiki/wiki/Improved_Suspensor_Jacket/Schematic,,
Impure Extractor Mk5,https://media.awakening.wiki/wiki/2/2f/T_UI_IconToolBodyFluidExtractor_Unique_Poison_05R_D.png,https://awakening.wiki/wiki/Impure_Extractor_Mk5/Schematic,,
Impure Extractor Mk6,https://media.awakening.wiki/wiki/4/4e/T_UI_IconToolBodyFluidExtractor_Unique_Poison_06R_D.png,https://awakening.wiki/wiki/Impure_Extractor_Mk6/Schematic,,
Indara's Lullaby,https://media.awakening.wiki/wiki/a/ae/T_UI_IconWpnUniqueAr_Burst_06R_D.png,https://awakening.wiki/wiki/Indara%27s_Lullaby/Schematic,,
Inkvine Boots,https://media.awakening.wiki/wiki/d/db/T_UI_IconClothNeutSmugDeserterUnique03BootsR_D.png,https://awakening.wiki/wiki/Inkvine_Boots/Schematic,,
Inkvine Gauntlets,https://media.awakening.wiki/wiki/f/f1/T_UI_IconClothNeutSmugDeserterUnique03GlovesR_D.png,https://awakening.wiki/wiki/Inkvine_Gauntlets/Schematic,,
Inkvine Jacket,https://media.awakening.wiki/wiki/1/1e/T_UI_IconClothNeutSmugDeserterUnique03TopR_D.png,https://awakening.wiki/wiki/Inkvine_Jacket/Schematic,,
Inkvine Mask,https://media.awakening.wiki/wiki/e/e9/T_UI_IconClothNeutSmugDeserterUnique03HelmetR_D.png,https://awakening.wiki/wiki/Inkvine_Mask/Schematic,,
Inkvine Pants,https://media.awakening.wiki/wiki/3/38/T_UI_IconClothNeutSmugDeserterUnique03BottomR_D.png,https://awakening.wiki/wiki/Inkvine_Pants/Schematic,,
Iri's Gauntlets,https://media.awakening.wiki/wiki/d/d1/T_UI_IconClothHeavyUniquePowerEfficientGloves02R_D.png,https://awakening.wiki/wiki/Iri%27s_Gauntlets/Schematic,,
Ironwatch Special,https://media.awakening.wiki/wiki/3/3a/T_UI_IconWpnSMG_Unique_LargeMag_04R_D.png,https://awakening.wiki/wiki/Ironwatch_Special/Schematic,,
Ix-core Leggings,https://media.awakening.wiki/wiki/9/9e/T_UI_IconClothLightUniqueStaminaBottom06R_D.png,https://awakening.wiki/wiki/Ix-core_Leggings/Schematic,,
Jolt-knife,https://media.awakening.wiki/wiki/6/63/T_UI_IconWpnMeleeKindjal_Unique_Stamina_05R_D.png,https://awakening.wiki/wiki/Jolt-knife/Schematic,,
Jolt-sword,https://media.awakening.wiki/wiki/d/d2/T_UI_IconWpnMeleeUniqueSword_04R_D.png,https://awakening.wiki/wiki/Jolt-sword/Schematic,,
Kaleff's Drinker,https://media.awakening.wiki/wiki/0/02/T_UI_IconWpnMeleeKindjal_Unique_Blood_01R_D.png,https://awakening.wiki/wiki/Kaleff%27s_Drinker/Schematic,,
Karak's Boots,https://media.awakening.wiki/wiki/5/5c/T_UI_IconClothNeutAtreDeserterUnique02BootsR_D.png,https://awakening.wiki/wiki/Karak%27s_Boots/Schematic,,
Karak's Gauntlets,https://media.awakening.wiki/wiki/b/b1/T_UI_IconClothNeutAtreDeserterUnique02GlovesR_D.png,https://awakening.wiki/wiki/Karak%27s_Gauntlets/Schematic,,
Karak's Helmet,https://media.awakening.wiki/wiki/d/d8/T_UI_IconClothNeutAtreDeserterUnique02HelmetR_D.png,https://awakening.wiki/wiki/Karak%27s_Helmet/Schematic,,
Karak's Jacket,https://media.awakening.wiki/wiki/b/b2/T_UI_IconClothNeutAtreDeserterUnique02TopR_D.png,https://awakening.wiki/wiki/Karak%27s_Jacket/Schematic,,
Karak's Pants,https://media.awakening.wiki/wiki/5/59/T_UI_IconClothNeutAtreDeserterUnique02BottomR_D.png,https://awakening.wiki/wiki/Karak%27s_Pants/Schematic,,
Kel's Stillsuit Boots,https://media.awakening.wiki/wiki/c/ca/T_UI_IconClothStillsuitUniqueArmored03BootsR_D.png,https://awakening.wiki/wiki/Kel%27s_Stillsuit_Boots/Schematic,,
Kel's Stillsuit Garment,https://media.awakening.wiki/wiki/5/50/T_UI_IconClothStillsuitUniqueArmored03TopR_D.png,https://awakening.wiki/wiki/Kel%27s_Stillsuit_Garment/Schematic,,
Kel's Stillsuit Gloves,https://media.awakening.wiki/wiki/0/0e/T_UI_IconClothStillsuitUniqueArmored03GlovesR_D.png,https://awakening.wiki/wiki/Kel%27s_Stillsuit_Gloves/Schematic,,
Kel's Stillsuit Mask,https://media.awakening.wiki/wiki/6/66/T_UI_IconClothStillsuitUniqueArmored03MaskR_D.png,https://awakening.wiki/wiki/Kel%27s_Stillsuit_Mask/Schematic,,
Kharet Viper,https://media.awakening.wiki/wiki/9/91/T_UI_IconWpnMeleeUniqueRapier_02R_D.png,https://awakening.wiki/wiki/Kharet_Viper/Schematic,,
Kynes's Cutteray,https://media.awakening.wiki/wiki/8/81/T_UI_IconToolMiningTool_2h_Unique_04R_D.png,https://awakening.wiki/wiki/Kynes%27s_Cutteray/Schematic,,
Legion Tattoo,https://media.awakening.wiki/wiki/6/6e/T_UI_IconWpnSMG_Unique_LargeMag_02R_D.png,https://awakening.wiki/wiki/Legion_Tattoo/Schematic,,
Long Range Scanner,https://media.awakening.wiki/wiki/0/0a/T_UI_IconTool1HSmugHandheldScannerR_D.png,https://awakening.wiki/wiki/Long_Range_Scanner/Schematic,,
Long Shot,https://media.awakening.wiki/wiki/5/55/T_UI_IconWpnLongRifle_Unique_Poison_04R_D.png,https://awakening.wiki/wiki/Long_Shot/Schematic,,
Maas Kharet Bloodbag,https://media.awakening.wiki/wiki/9/94/T_UI_IconConsumBloodSackR_D.png,https://awakening.wiki/wiki/Maas_Kharet_Bloodbag/Schematic,,
Maraqeb Stillsuit Boots,https://media.awakening.wiki/wiki/d/d9/T_UI_IconClothStillsuitUniqueEfficient04BootsR_D.png,https://awakening.wiki/wiki/Maraqeb_Stillsuit_Boots/Schematic,,
Maraqeb Stillsuit Garment,https://media.awakening.wiki/wiki/b/bf/T_UI_IconClothStillsuitUniqueEfficient04TopR_D.png,https://awakening.wiki/wiki/Maraqeb_Stillsuit_Garment/Schematic,,
Maraqeb Stillsuit Gloves,https://media.awakening.wiki/wiki/4/40/T_UI_IconClothStillsuitUniqueEfficient04GlovesR_D.png,https://awakening.wiki/wiki/Maraqeb_Stillsuit_Gloves/Schematic,,
Maraqeb Stillsuit Mask,https://media.awakening.wiki/wiki/d/db/T_UI_IconClothStillsuitUniqueEfficient04MaskR_D.png,https://awakening.wiki/wiki/Maraqeb_Stillsuit_Mask/Schematic,,
Mendek's Boots,https://media.awakening.wiki/wiki/2/2d/T_UI_IconClothHeavyUniqueReinforcedBoots05R_D.png,https://awakening.wiki/wiki/Mendek%27s_Boots/Schematic,,
Mendek's Chestplate,https://media.awakening.wiki/wiki/d/df/T_UI_IconClothHeavyUniqueReinforcedTop05R_D.png,https://awakening.wiki/wiki/Mendek%27s_Chestplate/Schematic,,
Mendek's Gauntlets,https://media.awakening.wiki/wiki/6/65/T_UI_IconClothHeavyUniqueReinforcedGloves05R_D.png,https://awakening.wiki/wiki/Mendek%27s_Gauntlets/Schematic,,
Mendek's Helmet,https://media.awakening.wiki/wiki/2/21/T_UI_IconClothHeavyUniqueReinforcedHelmet05R_D.png,https://awakening.wiki/wiki/Mendek%27s_Helmet/Schematic,,
Mendek's Pants,https://media.awakening.wiki/wiki/8/81/T_UI_IconClothHeavyUniqueReinforcedBottom05R_D.png,https://awakening.wiki/wiki/Mendek%27s_Pants/Schematic,,
Mendek's Rattle,https://media.awakening.wiki/wiki/9/95/T_UI_IconWpnUniqueAr_Burst_05R_D.png,https://awakening.wiki/wiki/Mendek%27s_Rattle/Schematic,,
Mendia's Boots,https://media.awakening.wiki/wiki/a/a3/T_UI_IconClothNeutSmugDeserterUnique02BootsR_D.png,https://awakening.wiki/wiki/Mendia%27s_Boots/Schematic,,
Mendia's Gauntlets,https://media.awakening.wiki/wiki/5/58/T_UI_IconClothNeutSmugDeserterUnique02GlovesR_D.png,https://awakening.wiki/wiki/Mendia%27s_Gauntlets/Schematic,,
Mendia's Jacket,https://media.awakening.wiki/wiki/e/eb/T_UI_IconClothNeutSmugDeserterUnique02TopR_D.png,https://awakening.wiki/wiki/Mendia%27s_Jacket/Schematic,,
Mendia's Pants,https://media.awakening.wiki/wiki/0/06/T_UI_IconClothNeutSmugDeserterUnique02BottomR_D.png,https://awakening.wiki/wiki/Mendia%27s_Pants/Schematic,,
Mendia's Wrap,https://media.awakening.wiki/wiki/b/bc/T_UI_IconClothNeutSmugDeserterUnique02HelmetR_D.png,https://awakening.wiki/wiki/Mendia%27s_Wrap/Schematic,,
Miner's Blessing,https://media.awakening.wiki/wiki/9/96/T_UI_IconClothLightUniqueBiomHeatTop04R_D.png,https://awakening.wiki/wiki/Miner%27s_Blessing/Schematic,,
Mohandis Sandbike Engine Mk1,https://media.awakening.wiki/wiki/f/ff/T_UI_IconVehCH1MGCEngineR_D.png,https://awakening.wiki/wiki/Mohandis_Sandbike_Engine_Mk1/Schematic,,
Mohandis Sandbike Engine Mk2,https://media.awakening.wiki/wiki/f/ff/T_UI_IconVehCH1MGCEngineR_D.png,https://awakening.wiki/wiki/Mohandis_Sandbike_Engine_Mk2/Schematic,,
Mohandis Sandbike Engine Mk3,https://media.awakening.wiki/wiki/f/ff/T_UI_IconVehCH1MGCEngineR_D.png,https://awakening.wiki/wiki/Mohandis_Sandbike_Engine_Mk3/Schematic,,
Mohandis Sandbike Engine Mk4,https://media.awakening.wiki/wiki/f/ff/T_UI_IconVehCH1MGCEngineR_D.png,https://awakening.wiki/wiki/Mohandis_Sandbike_Engine_Mk4/Schematic,,
Mohandis Sandbike Engine Mk5,https://media.awakening.wiki/wiki/f/ff/T_UI_IconVehCH1MGCEngineR_D.png,https://awakening.wiki/wiki/Mohandis_Sandbike_Engine_Mk5/Schematic,,
Mohandis Sandbike Engine Mk6,https://media.awakening.wiki/wiki/f/ff/T_UI_IconVehCH1MGCEngineR_D.png,https://awakening.wiki/wiki/Mohandis_Sandbike_Engine_Mk6/Schematic,,
Moisture Sealer,https://media.awakening.wiki/wiki/f/f4/T_UI_IconWpnMeleeUniqueDirk_03R_D.png,https://awakening.wiki/wiki/Moisture_Sealer/Schematic,,
Night Rider Sandbike Boost Mk2,https://media.awakening.wiki/wiki/8/85/T_UI_IconVehCH1MGCBoostR_D.png,https://awakening.wiki/wiki/Night_Rider_Sandbike_Boost_Mk2/Schematic,,
Night Rider Sandbike Boost Mk3,https://media.awakening.wiki/wiki/8/85/T_UI_IconVehCH1MGCBoostR_D.png,https://awakening.wiki/wiki/Night_Rider_Sandbike_Boost_Mk3/Schematic,,
Night Rider Sandbike Boost Mk4,https://media.awakening.wiki/wiki/8/85/T_UI_IconVehCH1MGCBoostR_D.png,https://awakening.wiki/wiki/Night_Rider_Sandbike_Boost_Mk4/Schematic,,
Night Rider Sandbike Boost Mk5,https://media.awakening.wiki/wiki/8/85/T_UI_IconVehCH1MGCBoostR_D.png,https://awakening.wiki/wiki/Night_Rider_Sandbike_Boost_Mk5/Schematic,,
Night Rider Sandbike Boost Mk6,https://media.awakening.wiki/wiki/8/85/T_UI_IconVehCH1MGCBoostR_D.png,https://awakening.wiki/wiki/Night_Rider_Sandbike_Boost_Mk6/Schematic,,
Oathbreaker Boots,https://media.awakening.wiki/wiki/b/b5/T_UI_IconClothNeutAtreDeserterUnique01BootsR_D.png,https://awakening.wiki/wiki/Oathbreaker_Boots/Schematic,,
Oathbreaker Chestpiece,https://media.awakening.wiki/wiki/7/77/T_UI_IconClothNeutAtreDeserterUnique01TopR_D.png,https://awakening.wiki/wiki/Oathbreaker_Chestpiece/Schematic,,
Oathbreaker Gauntlets,https://media.awakening.wiki/wiki/b/bc/T_UI_IconClothNeutAtreDeserterUnique01GlovesR_D.png,https://awakening.wiki/wiki/Oathbreaker_Gauntlets/Schematic,,
Oathbreaker Headwrap,https://media.awakening.wiki/wiki/9/9d/T_UI_IconClothNeutAtreDeserterUnique01HelmetR_D.png,https://awakening.wiki/wiki/Oathbreaker_Headwrap/Schematic,,
Oathbreaker Pants,https://media.awakening.wiki/wiki/4/45/T_UI_IconClothNeutAtreDeserterUnique01BottomR_D.png,https://awakening.wiki/wiki/Oathbreaker_Pants/Schematic,,
Old Sparky Mk1,https://media.awakening.wiki/wiki/a/a0/T_UI_IconWearChoamPowerpack01R_D.png,https://awakening.wiki/wiki/Old_Sparky_Mk1/Schematic,,
Old Sparky Mk2,https://media.awakening.wiki/wiki/a/a0/T_UI_IconWearChoamPowerpack01R_D.png,https://awakening.wiki/wiki/Old_Sparky_Mk2/Schematic,,
Old Sparky Mk3,https://media.awakening.wiki/wiki/a/a0/T_UI_IconWearChoamPowerpack01R_D.png,https://awakening.wiki/wiki/Old_Sparky_Mk3/Schematic,,
Old Sparky Mk4,https://media.awakening.wiki/wiki/a/a0/T_UI_IconWearChoamPowerpack01R_D.png,https://awakening.wiki/wiki/Old_Sparky_Mk4/Schematic,,
Olef's Quickcutter,https://media.awakening.wiki/wiki/d/d8/T_UI_IconToolMiningTool_1h_Unique_02R_D.png,https://awakening.wiki/wiki/Olef%27s_Quickcutter/Schematic,,
Omni Focused Dew Scythe,https://media.awakening.wiki/wiki/3/39/T_UI_IconToolDewReaper_2h_Unique_YieldIncrease_06R_D.png,https://awakening.wiki/wiki/Omni_Focused_Dew_Scythe/Schematic,,
Pardot's Drinker,https://media.awakening.wiki/wiki/a/a3/T_UI_IconWpnMeleeKindjal_Unique_Blood_05R_D.png,https://awakening.wiki/wiki/Pardot%27s_Drinker/Schematic,,
Pardot's Hood,https://media.awakening.wiki/wiki/6/68/T_UI_IconClothStillsuitUniqueHighMitigation06MaskR_D.png,https://awakening.wiki/wiki/Pardot%27s_Hood/Schematic,,
Penetrator,https://media.awakening.wiki/wiki/c/c2/T_UI_IconWpnShotgun_Unique_Blood_06R_D.png,https://awakening.wiki/wiki/Penetrator/Schematic,,
Perforator,https://media.awakening.wiki/wiki/a/a9/T_UI_IconWpnUniqueScattergun5R_D.png,https://awakening.wiki/wiki/Perforator/Schematic,,
Pincushion Boots,https://media.awakening.wiki/wiki/7/79/T_UI_IconClothNeutSmugDeserterUnique06BootsR_D.png,https://awakening.wiki/wiki/Pincushion_Boots/Schematic,,
Pincushion Chestpiece,https://media.awakening.wiki/wiki/2/25/T_UI_IconClothNeutSmugDeserterUnique06TopR_D.png,https://awakening.wiki/wiki/Pincushion_Chestpiece/Schematic,,
Pincushion Gauntlets,https://media.awakening.wiki/wiki/2/2e/T_UI_IconClothNeutSmugDeserterUnique06GlovesR_D.png,https://awakening.wiki/wiki/Pincushion_Gauntlets/Schematic,,
Pincushion Helmet,https://media.awakening.wiki/wiki/3/34/T_UI_IconClothNeutSmugDeserterUnique06HelmetR_D.png,https://awakening.wiki/wiki/Pincushion_Helmet/Schematic,,
Pincushion Pants,https://media.awakening.wiki/wiki/a/a1/T_UI_IconClothNeutSmugDeserterUnique06BottomR_D.png,https://awakening.wiki/wiki/Pincushion_Pants/Schematic,,
Pipecleaner,https://media.awakening.wiki/wiki/5/54/T_UI_IconWpnUniqueAr2R_D.png,https://awakening.wiki/wiki/Pipecleaner/Schematic,,
Piter's Disruptor,https://media.awakening.wiki/wiki/3/35/T_UI_IconWpnUniqueSmg2R_D.png,https://awakening.wiki/wiki/Piter%27s_Disruptor/Schematic,,
Plasma Cannon,https://media.awakening.wiki/wiki/5/5c/T_UI_IconWpnLMG_Unique_Power_06R_D.png,https://awakening.wiki/wiki/Plasma_Cannon/Schematic,,
Poison Mist,https://media.awakening.wiki/wiki/d/dc/T_UI_IconWpnMeleeUniqueRapierR_D.png,https://awakening.wiki/wiki/Poison_Mist/Schematic,,
Power Gauntlets,https://media.awakening.wiki/wiki/e/ec/T_UI_IconClothHeavyUniquePowerEfficientGloves04R_D.png,https://awakening.wiki/wiki/Power_Gauntlets/Schematic,,
Power Harness,https://media.awakening.wiki/wiki/f/f6/T_UI_IconClothHeavyUniquePowerIncreaseTop06R_D.png,https://awakening.wiki/wiki/Power_Harness/Schematic,,
Pseudo Pulse-Sword,https://media.awakening.wiki/wiki/8/84/T_UI_IconWpnMeleeUniqueSwordR_D.png,https://awakening.wiki/wiki/Pseudo_Pulse-Sword/Schematic,,
Purifier Power Pack,https://media.awakening.wiki/wiki/a/a0/T_UI_IconWearChoamPowerpack01R_D.png,https://awakening.wiki/wiki/Purifier_Power_Pack/Schematic,,
Quirth's Boots,https://media.awakening.wiki/wiki/f/fd/T_UI_IconClothNeutSmugDeserterUnique04BootsR_D.png,https://awakening.wiki/wiki/Quirth%27s_Boots/Schematic,,
Quirth's Gauntlets,https://media.awakening.wiki/wiki/a/a7/T_UI_IconClothNeutSmugDeserterUnique04GlovesR_D.png,https://awakening.wiki/wiki/Quirth%27s_Gauntlets/Schematic,,
Quirth's Helmet,https://media.awakening.wiki/wiki/2/21/T_UI_IconClothNeutSmugDeserterUnique04HelmetR_D.png,https://awakening.wiki/wiki/Quirth%27s_Helmet/Schematic,,
Quirth's Jacket,https://media.awakening.wiki/wiki/f/fb/T_UI_IconClothNeutSmugDeserterUnique04TopR_D.png,https://awakening.wiki/wiki/Quirth%27s_Jacket/Schematic,,
Quirth's Pants,https://media.awakening.wiki/wiki/9/98/T_UI_IconClothNeutSmugDeserterUnique04BottomR_D.png,https://awakening.wiki/wiki/Quirth%27s_Pants/Schematic,,
Rattler Boost Module Mk3,https://media.awakening.wiki/wiki/5/55/T_UI_IconVehCCBBoostR_D.png,https://awakening.wiki/wiki/Rattler_Boost_Module_Mk3/Schematic,,
Rattler Boost Module Mk4,https://media.awakening.wiki/wiki/5/55/T_UI_IconVehCCBBoostR_D.png,https://awakening.wiki/wiki/Rattler_Boost_Module_Mk4/Schematic,,
Rattler Boost Module Mk5,https://media.awakening.wiki/wiki/5/55/T_UI_IconVehCCBBoostR_D.png,https://awakening.wiki/wiki/Rattler_Boost_Module_Mk5/Schematic,,
Rattler Boost Module Mk6,https://media.awakening.wiki/wiki/5/55/T_UI_IconVehCCBBoostR_D.png,https://awakening.wiki/wiki/Rattler_Boost_Module_Mk6/Schematic,,
Reaper Gloves,https://media.awakening.wiki/wiki/6/6e/T_UI_IconClothLightUniqueDewReapGloves03R_D.png,https://awakening.wiki/wiki/Reaper_Gloves/Schematic,,
Regis Burst Drillshot,https://media.awakening.wiki/wiki/b/b7/T_UI_IconWpnShotgun_Unique_Explosive_06R_D.png,https://awakening.wiki/wiki/Regis_Burst_Drillshot/Schematic,,
Regis Disruptor Pistol,https://media.awakening.wiki/wiki/8/8f/T_UI_IconWpnHeavyPistol_Unique_Bleed_06R_D.png,https://awakening.wiki/wiki/Regis_Disruptor_Pistol/Schematic,,
Regis High-payload Rocket Module,https://media.awakening.wiki/wiki/0/0d/T_UI_IconVehCOMRocketLauncherR_D.png,https://awakening.wiki/wiki/Regis_High-payload_Rocket_Module/Schematic,,
Regis Tripleshot Repeating Rifle,https://media.awakening.wiki/wiki/1/19/T_UI_IconWpnLongRifle_Unique_LargeMag_06R2_D.png,https://awakening.wiki/wiki/Regis_Tripleshot_Repeating_Rifle/Schematic,,
Relentless,https://media.awakening.wiki/wiki/9/9a/T_UI_IconWpnSMG_Unique_LargeMag_05R_D.png,https://awakening.wiki/wiki/Relentless/Schematic,,
Replica Pulse-knife,https://media.awakening.wiki/wiki/8/84/T_UI_IconWpnMeleeKindjal_Unique_Stamina_06R_D.png,https://awakening.wiki/wiki/Replica_Pulse-knife/Schematic,,
Replica Pulse-sword,https://media.awakening.wiki/wiki/e/ee/T_UI_IconWpnMeleeUniqueSword_05R_D.png,https://awakening.wiki/wiki/Replica_Pulse-sword/Schematic,,
Rigged Suspensor Jacket,https://media.awakening.wiki/wiki/7/7b/T_UI_IconClothSlaverRusherBodyR_D.png,https://awakening.wiki/wiki/Rigged_Suspensor_Jacket/Schematic,,
Ripper,https://media.awakening.wiki/wiki/a/ad/T_UI_IconWpnUniqueScattergun2R_D.png,https://awakening.wiki/wiki/Ripper/Schematic,,
Roc Carrier Wing,https://media.awakening.wiki/wiki/b/bf/T_UI_IconVehCTOLocomotionR_D.png,https://awakening.wiki/wiki/Roc_Carrier_Wing/Schematic,,
Salusan Vengeance,https://media.awakening.wiki/wiki/6/64/T_UI_IconWpnUniqueAr4R_D.png,https://awakening.wiki/wiki/Salusan_Vengeance/Schematic,,
Sandflies Carver,https://media.awakening.wiki/wiki/7/70/T_UI_IconToolMiningTool_2h_Unique_02R_D.png,https://awakening.wiki/wiki/Sandflies_Carver/Schematic,,
Sardaukar Intimidator,https://media.awakening.wiki/wiki/0/0b/T_UI_IconWpnUniqueSmg3R_D.png,https://awakening.wiki/wiki/Sardaukar_Intimidator/Schematic,,
Saturnine Stillsuit Boots,https://media.awakening.wiki/wiki/2/2a/T_UI_IconClothStillsuitUniqueArmored05BootsR_D.png,https://awakening.wiki/wiki/Saturnine_Stillsuit_Boots/Schematic,,
Saturnine Stillsuit Garment,https://media.awakening.wiki/wiki/0/03/T_UI_IconClothStillsuitUniqueArmored05TopR_D.png,https://awakening.wiki/wiki/Saturnine_Stillsuit_Garment/Schematic,,
Saturnine Stillsuit Gloves,https://media.awakening.wiki/wiki/9/9c/T_UI_IconClothStillsuitUniqueArmored05GlovesR_D.png,https://awakening.wiki/wiki/Saturnine_Stillsuit_Gloves/Schematic,,
Saturnine Stillsuit Mask,https://media.awakening.wiki/wiki/5/53/T_UI_IconClothStillsuitUniqueArmored05MaskR_D.png,https://awakening.wiki/wiki/Saturnine_Stillsuit_Mask/Schematic,,
Scipio's Bloodbag,https://media.awakening.wiki/wiki/9/94/T_UI_IconConsumBloodSackR_D.png,https://awakening.wiki/wiki/Scipio%27s_Bloodbag/Schematic,,
Scipio's Drinker,https://media.awakening.wiki/wiki/f/f3/T_UI_IconWpnMeleeKindjal_Unique_Blood_02R_D.png,https://awakening.wiki/wiki/Scipio%27s_Drinker/Schematic,,
Scorchbolt,https://media.awakening.wiki/wiki/d/d4/T_UI_IconWpnFlamethrower_PrototypeR_D.png,https://awakening.wiki/wiki/Scorchbolt/Schematic,,
Scrubber,https://media.awakening.wiki/wiki/6/6c/T_UI_IconWpnUniqueAr3R_D.png,https://awakening.wiki/wiki/Scrubber/Schematic,,
Searing Shiv,https://media.awakening.wiki/wiki/1/14/T_UI_IconWpnMeleeUniqueDirkR_D.png,https://awakening.wiki/wiki/Searing_Shiv/Schematic,,
Seb's Kisser,https://media.awakening.wiki/wiki/1/10/T_UI_IconWpnSMG_Unique_LargeMag_03R_D.png,https://awakening.wiki/wiki/Seb%27s_Kisser/Schematic,,
Seeker Helmet,https://media.awakening.wiki/wiki/8/8e/T_UI_IconClothChoamScoutArmourHelmetMaleR_D.png,https://awakening.wiki/wiki/Seeker_Helmet/Schematic,,
Seethe,https://media.awakening.wiki/wiki/c/c9/T_UI_IconWpnHeavyPistol_Unique_Headshot_06R_D.png,https://awakening.wiki/wiki/Seethe/Schematic,,
Sentinel Belt,https://media.awakening.wiki/wiki/8/83/T_UI_IconWearChoamSuspensorFullStabilizationR_D.png,https://awakening.wiki/wiki/Sentinel_Belt/Schematic,,
Sentinel Boots,https://media.awakening.wiki/wiki/5/53/T_UI_IconClothNeutAtreDeserterUnique03BootsR_D.png,https://awakening.wiki/wiki/Sentinel_Boots/Schematic,,
Sentinel Gauntlets,https://media.awakening.wiki/wiki/a/a3/T_UI_IconClothNeutAtreDeserterUnique03GlovesR_D.png,https://awakening.wiki/wiki/Sentinel_Gauntlets/Schematic,,
Sentinel Helmet,https://media.awakening.wiki/wiki/9/90/T_UI_IconClothNeutAtreDeserterUnique03HelmetR_D.png,https://awakening.wiki/wiki/Sentinel_Helmet/Schematic,,
Sentinel Jacket,https://media.awakening.wiki/wiki/2/24/T_UI_IconClothNeutAtreDeserterUnique03TopR_D.png,https://awakening.wiki/wiki/Sentinel_Jacket/Schematic,,
Sentinel Pants,https://media.awakening.wiki/wiki/5/50/T_UI_IconClothNeutAtreDeserterUnique03BottomR_D.png,https://awakening.wiki/wiki/Sentinel_Pants/Schematic,,
Shaddam's Bladder,https://media.awakening.wiki/wiki/8/84/T_UI_IconClothStillsuitUniqueHighCapacity06TopR_D.png,https://awakening.wiki/wiki/Shaddam%27s_Bladder/Schematic,,
Shaded Hood,https://media.awakening.wiki/wiki/7/7a/T_UI_IconClothStillsuitUniqueHighMitigation05MaskR_D.png,https://awakening.wiki/wiki/Shaded_Hood/Schematic,,
Shadow Hood,https://media.awakening.wiki/wiki/e/ea/T_UI_IconClothStillsuitUniqueHighMitigation04MaskR_D.png,https://awakening.wiki/wiki/Shadow_Hood/Schematic,,
Shadrath's Drinker,https://media.awakening.wiki/wiki/d/dc/T_UI_IconWpnMeleeKindjal_Unique_Blood_04R_D.png,https://awakening.wiki/wiki/Shadrath%27s_Drinker/Schematic,,
Shadrath's Edge,https://media.awakening.wiki/wiki/6/6d/T_UI_IconWpnUniqueSda_Doubleshot_04R_D.png,https://awakening.wiki/wiki/Shadrath%27s_Edge/Schematic,,
Shadrath's Stillsuit Boots,https://media.awakening.wiki/wiki/5/5e/T_UI_IconClothStillsuitUniqueArmored04BootsR_D.png,https://awakening.wiki/wiki/Shadrath%27s_Stillsuit_Boots/Schematic,,
Shadrath's Stillsuit Garment,https://media.awakening.wiki/wiki/0/03/T_UI_IconClothStillsuitUniqueArmored04TopR_D.png,https://awakening.wiki/wiki/Shadrath%27s_Stillsuit_Garment/Schematic,,
Shadrath's Stillsuit Gloves,https://media.awakening.wiki/wiki/f/fd/T_UI_IconClothStillsuitUniqueArmored04GlovesR_D.png,https://awakening.wiki/wiki/Shadrath%27s_Stillsuit_Gloves/Schematic,,
Shadrath's Stillsuit Mask,https://media.awakening.wiki/wiki/7/7f/T_UI_IconClothStillsuitUniqueArmored04MaskR_D.png,https://awakening.wiki/wiki/Shadrath%27s_Stillsuit_Mask/Schematic,,
Shaitan's Tongue,https://media.awakening.wiki/wiki/f/fe/T_UI_IconWpnUniqueFlameThrowerR_D.png,https://awakening.wiki/wiki/Shaitan%27s_Tongue/Schematic,,
Shellburster,https://media.awakening.wiki/wiki/f/f5/T_UI_IconWpnUniqueScattergun_Fire_06R_D.png,https://awakening.wiki/wiki/Shellburster/Schematic,,
Shishakli's Bite,https://media.awakening.wiki/wiki/0/0c/T_UI_IconWpnUniqueSda_Doubleshot_06R_D.png,https://awakening.wiki/wiki/Shishakli%27s_Bite/Schematic,,
Shock Gauntlets,https://media.awakening.wiki/wiki/0/0e/T_UI_IconClothHeavyUniquePowerEfficientGloves03R_D.png,https://awakening.wiki/wiki/Shock_Gauntlets/Schematic,,
Shock-Knife,https://media.awakening.wiki/wiki/0/05/T_UI_IconWpnMeleeKindjal_Unique_Stamina_03R_D.png,https://awakening.wiki/wiki/Shock-Knife/Schematic,,
Shock-sword,https://media.awakening.wiki/wiki/2/2d/T_UI_IconWpnMeleeUniqueSword_02R_D.png,https://awakening.wiki/wiki/Shock-sword_/Schematic,,
Shredder,https://media.awakening.wiki/wiki/8/8b/T_UI_IconWpnUniqueScattergun1R_D.png,https://awakening.wiki/wiki/Shredder/Schematic,,
Sim's Cutter,https://media.awakening.wiki/wiki/4/4f/T_UI_IconToolMiningTool_1h_Unique_01R_D.png,https://awakening.wiki/wiki/Sim%27s_Cutter/Schematic,,
Sinner's Bloodbag,https://media.awakening.wiki/wiki/9/94/T_UI_IconConsumBloodSackR_D.png,https://awakening.wiki/wiki/Sinner%27s_Bloodbag/Schematic,,
Skin-lined Jacket,https://media.awakening.wiki/wiki/1/18/T_UI_IconClothLightUniqueBiomHeatTop03R_D.png,https://awakening.wiki/wiki/Skin-lined_Jacket/Schematic,,
Softstep Boots,https://media.awakening.wiki/wiki/3/3f/T_UI_IconClothLightUniqueWormThreatBoots02R_D.png,https://awakening.wiki/wiki/Softstep_Boots/Schematic,,
Spark-Knife,https://media.awakening.wiki/wiki/8/8d/T_UI_IconWpnMeleeKindjal_Unique_Stamina_04R_D.png,https://awakening.wiki/wiki/Spark-Knife/Schematic,,
Spark-sword,https://media.awakening.wiki/wiki/c/cd/T_UI_IconWpnMeleeUniqueSword_03R_D.png,https://awakening.wiki/wiki/Spark-sword/Schematic,,
Stammershot,https://media.awakening.wiki/wiki/a/aa/T_UI_IconWpnUniqueAr_Burst_04R_D.png,https://awakening.wiki/wiki/Stammershot/Schematic,,
Starburst,https://media.awakening.wiki/wiki/b/b5/T_UI_IconWpnUniqueScattergun_Fire_05R_D.png,https://awakening.wiki/wiki/Starburst/Schematic,,
Static Needle,https://media.awakening.wiki/wiki/3/32/T_UI_IconWpnMeleeUniqueRapier_Power_06R_D.png,https://awakening.wiki/wiki/Static_Needle/Schematic,,
Station Garb,https://media.awakening.wiki/wiki/b/b2/T_UI_IconClothLightUniqueBiomHeatTop05R_D.png,https://awakening.wiki/wiki/Station_Garb/Schematic,,
Station Gauntlets,https://media.awakening.wiki/wiki/e/ef/T_UI_IconClothHeavyUniquePowerEfficientGloves05R_D.png,https://awakening.wiki/wiki/Station_Gauntlets/Schematic,,
Steady Assault Boost Module Mk5,https://media.awakening.wiki/wiki/6/62/T_UI_IconVehCMOBoostR_D.png,https://awakening.wiki/wiki/Steady_Assault_Boost_Module_Mk5/Schematic,,
Steady Assault Boost Module Mk6,https://media.awakening.wiki/wiki/6/62/T_UI_IconVehCMOBoostR_D.png,https://awakening.wiki/wiki/Steady_Assault_Boost_Module_Mk6/Schematic,,
Steady Carrier Boost Module Mk6,https://media.awakening.wiki/wiki/2/2d/T_UI_IconVehCTOThrusterR_D.png,https://awakening.wiki/wiki/Steady_Carrier_Boost_Module_Mk6/Schematic,,
Stim-Leggings,https://media.awakening.wiki/wiki/4/47/T_UI_IconClothLightUniqueStaminaBottom05R_D.png,https://awakening.wiki/wiki/Stim-Leggings/Schematic,,
Stormrider Boost Module Mk4,https://media.awakening.wiki/wiki/d/d6/T_UI_IconVehCOLBoostR_D.png,https://awakening.wiki/wiki/Stormrider_Boost_Module_Mk4/Schematic,,
Stormrider Boost Module Mk5,https://media.awakening.wiki/wiki/d/d6/T_UI_IconVehCOLBoostR_D.png,https://awakening.wiki/wiki/Stormrider_Boost_Module_Mk5/Schematic,,
Stormrider Boost Module Mk6,https://media.awakening.wiki/wiki/d/d6/T_UI_IconVehCOLBoostR_D.png,https://awakening.wiki/wiki/Stormrider_Boost_Module_Mk6/Schematic,,
Syndicate Boots,https://media.awakening.wiki/wiki/8/86/T_UI_IconClothHarkMedUnique01BootsR_D.png,https://awakening.wiki/wiki/Syndicate_Boots/Schematic,,
Syndicate Chestplate,https://media.awakening.wiki/wiki/2/20/T_UI_IconClothHarkMedUnique01TopR_D.png,https://awakening.wiki/wiki/Syndicate_Chestplate/Schematic,,
Syndicate Gauntlets,https://media.awakening.wiki/wiki/4/48/T_UI_IconClothHarkMedUnique01GlovesR_D.png,https://awakening.wiki/wiki/Syndicate_Gauntlets/Schematic,,
Syndicate Helmet,https://media.awakening.wiki/wiki/c/c0/T_UI_IconClothHarkMedUnique01HelmetR_D.png,https://awakening.wiki/wiki/Syndicate_Helmet/Schematic,,
Syndicate Impaler,https://media.awakening.wiki/wiki/3/39/T_UI_IconWpnUniqueScattergun4R_D.png,https://awakening.wiki/wiki/Syndicate_Impaler/Schematic,,
Syndicate Pants,https://media.awakening.wiki/wiki/1/13/T_UI_IconClothHarkMedUnique01BottomR_D.png,https://awakening.wiki/wiki/Syndicate_Pants/Schematic,,
Ta'lab Softstep Boots,https://media.awakening.wiki/wiki/a/af/T_UI_IconClothLightUniqueWormThreatBoots03R_D.png,https://awakening.wiki/wiki/Ta%27lab_Softstep_Boots/Schematic,,
Tabr Softstep Boots,https://media.awakening.wiki/wiki/5/56/T_UI_IconClothLightUniqueWormThreatBoots06R_D.png,https://awakening.wiki/wiki/Tabr_Softstep_Boots/Schematic,,
Taqwa's Double,https://media.awakening.wiki/wiki/6/61/T_UI_IconWpnUniqueSda_Doubleshot_05R_D.png,https://awakening.wiki/wiki/Taqwa%27s_Double/Schematic,,
Tarl Cutteray,https://media.awakening.wiki/wiki/7/75/T_UI_IconToolMiningTool_2h_Unique_03R_D.png,https://awakening.wiki/wiki/Tarl_Cutteray/Schematic,,
Tarl Softstep Boots,https://media.awakening.wiki/wiki/3/37/T_UI_IconClothLightUniqueWormThreatBoots05R_D.png,https://awakening.wiki/wiki/Tarl_Softstep_Boots/Schematic,,
The Ancient Way,https://media.awakening.wiki/wiki/5/5a/T_UI_IconWpnRocketLauncher_Unique_Homing_06R_D.png,https://awakening.wiki/wiki/The_Ancient_Way/Schematic,,
The Baron's Bloodbag,https://media.awakening.wiki/wiki/9/94/T_UI_IconConsumBloodSackR_D.png,https://awakening.wiki/wiki/The_Baron%27s_Bloodbag/Schematic,,
The Emperor's Wings Mk1,https://media.awakening.wiki/wiki/3/39/T_UI_IconWearChoamSuspensorPartialReductionR_D.png,https://awakening.wiki/wiki/The_Emperor%27s_Wings_Mk1/Schematic,,
The Emperor's Wings Mk2,https://media.awakening.wiki/wiki/3/39/T_UI_IconWearChoamSuspensorPartialReductionR_D.png,https://awakening.wiki/wiki/The_Emperor%27s_Wings_Mk2/Schematic,,
The Emperor's Wings Mk3,https://media.awakening.wiki/wiki/3/39/T_UI_IconWearChoamSuspensorPartialReductionR_D.png,https://awakening.wiki/wiki/The_Emperor%27s_Wings_Mk3/Schematic,,
The Emperor's Wings Mk4,https://media.awakening.wiki/wiki/3/39/T_UI_IconWearChoamSuspensorPartialReductionR_D.png,https://awakening.wiki/wiki/The_Emperor%27s_Wings_Mk4/Schematic,,
The Emperor's Wings Mk5,https://media.awakening.wiki/wiki/3/39/T_UI_IconWearChoamSuspensorPartialReductionR_D.png,https://awakening.wiki/wiki/The_Emperor%27s_Wings_Mk5/Schematic,,
The Emperor's Wings Mk6,https://media.awakening.wiki/wiki/3/39/T_UI_IconWearChoamSuspensorPartialReductionR_D.png,https://awakening.wiki/wiki/The_Emperor%27s_Wings_Mk6/Schematic,,
The Forge Boots,https://media.awakening.wiki/wiki/c/cb/T_UI_IconClothHarkMedUnique02BootsR_D.png,https://awakening.wiki/wiki/The_Forge_Boots/Schematic,,
The Forge Chestpiece,https://media.awakening.wiki/wiki/5/57/T_UI_IconClothHarkMedUnique02TopR_D.png,https://awakening.wiki/wiki/The_Forge_Chestpiece/Schematic,,
The Forge Gloves,https://media.awakening.wiki/wiki/5/59/T_UI_IconClothHarkMedUnique02GlovesR_D.png,https://awakening.wiki/wiki/The_Forge_Gloves/Schematic,,
The Forge Helmet,https://media.awakening.wiki/wiki/7/7c/T_UI_IconClothHarkMedUnique02HelmetR_D.png,https://awakening.wiki/wiki/The_Forge_Helmet/Schematic,,
The Forge Pants,https://media.awakening.wiki/wiki/e/ed/T_UI_IconClothHarkMedUnique02BottomR_D.png,https://awakening.wiki/wiki/The_Forge_Pants/Schematic,,
The Tapper,https://media.awakening.wiki/wiki/9/97/T_UI_IconWpnUniqueAr1R_D.png,https://awakening.wiki/wiki/The_Tapper/Schematic,,
Thufir's Best,https://media.awakening.wiki/wiki/1/1c/T_UI_IconWpnLongRifle_Unique_Poison_05R_D.png,https://awakening.wiki/wiki/Thufir%27s_Best/Schematic,,
Upgraded Regis Spice Container,,https://awakening.wiki/wiki/Upgraded_Regis_Spice_Container/Schematic,,
Vaporizer,https://media.awakening.wiki/wiki/7/75/T_UI_IconWpnUniqueFlameThrower_02R_D.png,https://awakening.wiki/wiki/Vaporizer/Schematic,,
Villari's Stillsuit Boots,https://media.awakening.wiki/wiki/e/e0/T_UI_IconClothStillsuitUniqueEfficient06BootsR_D.png,https://awakening.wiki/wiki/Villari%27s_Stillsuit_Boots/Schematic,,
Villari's Stillsuit Garment,https://media.awakening.wiki/wiki/a/ab/T_UI_IconClothStillsuitUniqueEfficient06TopR_D.png,https://awakening.wiki/wiki/Villari%27s_Stillsuit_Garment/Schematic,,
Villari's Stillsuit Gloves,https://media.awakening.wiki/wiki/0/0f/T_UI_IconClothStillsuitUniqueEfficient06GlovesR_D.png,https://awakening.wiki/wiki/Villari%27s_Stillsuit_Gloves/Schematic,,
Villari's Stillsuit Mask,https://media.awakening.wiki/wiki/8/8d/T_UI_IconClothStillsuitUniqueEfficient06MaskR_D.png,https://awakening.wiki/wiki/Villari%27s_Stillsuit_Mask/Schematic,,
Walker Sandcrawler Engine Mk6,https://media.awakening.wiki/wiki/9/98/T_UI_IconVehCIGEngineR_D.png,https://awakening.wiki/wiki/Walker_Sandcrawler_Engine_Mk6/Schematic,,
Way of the Desert,https://media.awakening.wiki/wiki/d/da/T_UI_IconWpnIconUniqueSda5R_D.png,https://awakening.wiki/wiki/Way_of_the_Desert/Schematic,,
Way of the Fallen,https://media.awakening.wiki/wiki/f/f3/T_UI_IconWpnIconUniqueSda1R_D.png,https://awakening.wiki/wiki/Way_of_the_Fallen/Schematic,,
Way of the Fighter,https://media.awakening.wiki/wiki/3/36/T_UI_IconWpnIconUniqueSda4R_D.png,https://awakening.wiki/wiki/Way_of_the_Fighter/Schematic,,
Way of the Lost,https://media.awakening.wiki/wiki/a/a8/T_UI_IconWpnIconUniqueSda3R_D.png,https://awakening.wiki/wiki/Way_of_the_Lost/Schematic,,
Way of the Misr,https://media.awakening.wiki/wiki/b/bb/T_UI_IconWpnIconUniqueSda6R_D.png,https://awakening.wiki/wiki/Way_of_the_Misr/Schematic,,
Way of the Wanderer,https://media.awakening.wiki/wiki/e/e1/T_UI_IconWpnIconUniqueSda2R_D.png,https://awakening.wiki/wiki/Way_of_the_Wanderer/Schematic,,
Wayfinder Helm,https://media.awakening.wiki/wiki/8/86/T_UI_IconClothLightUniqueScanningHelmet05R_D.png,https://awakening.wiki/wiki/Wayfinder_Helm/Schematic,,
Wayfinder Helm (1),https://media.awakening.wiki/wiki/5/56/T_UI_IconClothLightUniqueScanningHelmet06R_D.png,https://awakening.wiki/wiki/Wayfinder_Helm/Schematic_%281%29,,
Young Sparky Mk5,https://media.awakening.wiki/wiki/a/a0/T_UI_IconWearChoamPowerpack01R_D.png,https://awakening.wiki/wiki/Young_Sparky_Mk5/Schematic,,
Young Sparky Mk6,https://media.awakening.wiki/wiki/a/a0/T_UI_IconWearChoamPowerpack01R_D.png,https://awakening.wiki/wiki/Young_Sparky_Mk6/Schematic,,
Yueh's Reaper Gloves,https://media.awakening.wiki/wiki/f/f8/T_UI_IconClothLightUniqueDewReapGloves06R_D.png,https://awakening.wiki/wiki/Yueh%27s_Reaper_Gloves/Schematic,,
Zaal's Companion,https://media.awakening.wiki/wiki/9/91/T_UI_IconWpnUniqueAr_Burst_03R_D.png,https://awakening.wiki/wiki/Zaal%27s_Companion/Schematic,,
